<?xml version="1.0" encoding="UTF-8"?>
<nrml xmlns="http://openquake.org/xmlns/nrml/0.4">
	<exposureModel id="ex1" category="buildings" taxonomySource="GEM taxonomy">
		<description></description>
		<conversions>
			<costTypes>
				<costType name="structural" type="aggregated" unit="USD"/>
			</costTypes>
		</conversions>
		<tagNames>ID_1 NAME_1 ID_2 NAME_2 ID_3 NAME_3</tagNames>
		<occupancyPeriods>night </occupancyPeriods>
		<assets>
			Exposure_Res_Bangladesh_Upazila.csv
		</assets>
	</exposureModel>
</nrml>
